,Accuracy,Precision,Recall,F1 Score
Test Set 1,0.76470588,0.73333333,1,0.84615385
Test Set 2,0.82352941,0.79069767,1,0.88311688
Test Set 3,0.58823529,0.57142857,1,0.72727273
Test Set 4,0.60784314,0.58333333,1,0.7368421
Test Set 5,0.78431373,0.75555556,1,0.86075949
Average Test Set,71.372549,68.6869692,100,81.082901